{
	"info": {
		"_postman_id": "ad9c536e-1f4f-4330-85d4-bbbda7443440",
		"name": "MongoDb",
		"schema": "https://schema.getpostman.com/json/collection/v2.1.0/collection.json",
		"_exporter_id": "38160778"
	},
	"item": [
		{
			"name": "User_signup",
			"request": {
				"method": "GET",
				"header": []
			},
			"response": [
				{
					"name": "New Request",
					"originalRequest": {
						"method": "POST",
						"header": [],
						"body": {
							"mode": "raw",
							"raw": "{\r\n  \"username\": \"TirthVachheta\",\r\n  \"email\": \"tirthvachheta@example.com\",\r\n  \"password\": \"securepassword123\",\r\n  \"created_at\": \"2024-10-12T10:00:00Z\",\r\n  \"updated_at\": \"2024-10-12T10:00:00Z\"\r\n}\r\n",
							"options": {
								"raw": {
									"language": "json"
								}
							}
						},
						"url": {
							"raw": "http://localhost:3000/api/v1/user/signup",
							"protocol": "http",
							"host": [
								"localhost"
							],
							"port": "3000",
							"path": [
								"api",
								"v1",
								"user",
								"signup"
							]
						}
					},
					"status": "Created",
					"code": 201,
					"_postman_previewlanguage": "json",
					"header": [
						{
							"key": "X-Powered-By",
							"value": "Express"
						},
						{
							"key": "Content-Type",
							"value": "application/json; charset=utf-8"
						},
						{
							"key": "Content-Length",
							"value": "77"
						},
						{
							"key": "ETag",
							"value": "W/\"4d-TTl5AcD5JqEI9uKNkfwL/Af+37M\""
						},
						{
							"key": "Date",
							"value": "Sun, 13 Oct 2024 12:16:25 GMT"
						},
						{
							"key": "Connection",
							"value": "keep-alive"
						},
						{
							"key": "Keep-Alive",
							"value": "timeout=5"
						}
					],
					"cookie": [],
					"body": "{\n    \"message\": \"User created successfully.\",\n    \"user_id\": \"670a7b595f0c0644f17ae72a\"\n}"
				}
			]
		},
		{
			"name": "User_login",
			"request": {
				"method": "GET",
				"header": []
			},
			"response": [
				{
					"name": "New Request",
					"originalRequest": {
						"method": "POST",
						"header": [],
						"body": {
							"mode": "raw",
							"raw": "{\r\n  \"firstName\": \"Jane\",\r\n  \"lastName\": \"Doe\",\r\n  \"email\": \"jane.doe@example.com\",\r\n  \"position\": \"Software Engineer\",\r\n  \"salary\": 75000\r\n}\r\n",
							"options": {
								"raw": {
									"language": "json"
								}
							}
						},
						"url": {
							"raw": "http://localhost:3000/api/v1/emp/employees",
							"protocol": "http",
							"host": [
								"localhost"
							],
							"port": "3000",
							"path": [
								"api",
								"v1",
								"emp",
								"employees"
							]
						}
					},
					"status": "OK",
					"code": 200,
					"_postman_previewlanguage": "json",
					"header": [
						{
							"key": "X-Powered-By",
							"value": "Express"
						},
						{
							"key": "Content-Type",
							"value": "application/json; charset=utf-8"
						},
						{
							"key": "Content-Length",
							"value": "222"
						},
						{
							"key": "ETag",
							"value": "W/\"de-oiMQICQaSELzYLouqtoddH7hT7M\""
						},
						{
							"key": "Date",
							"value": "Sat, 12 Oct 2024 13:37:48 GMT"
						},
						{
							"key": "Connection",
							"value": "keep-alive"
						},
						{
							"key": "Keep-Alive",
							"value": "timeout=5"
						}
					],
					"cookie": [],
					"body": "{\n    \"message\": \"Login successful.\",\n    \"jwt_token\": \"eyJhbGciOiJIUzI1NiIsInR5cCI6IkpXVCJ9.eyJ1c2VySWQiOiI2NzBhN2I1OTVmMGMwNjQ0ZjE3YWU3MmEiLCJpYXQiOjE3Mjg3NDAyNjgsImV4cCI6MTcyODc0Mzg2OH0.DOHZd9k3uwYZA_6M2CWjl0Y0IAAwXPctG-TEYJERBWg\"\n}"
				}
			]
		},
		{
			"name": "Add_employee",
			"request": {
				"method": "GET",
				"header": []
			},
			"response": [
				{
					"name": "New Request",
					"originalRequest": {
						"method": "GET",
						"header": [],
						"body": {
							"mode": "raw",
							"raw": "{\r\n  \"firstName\": \"Jane\",\r\n  \"lastName\": \"Doe\",\r\n  \"email\": \"jane.doe@example.com\",\r\n  \"position\": \"Software Engineer\",\r\n  \"salary\": 75000\r\n}\r\n",
							"options": {
								"raw": {
									"language": "json"
								}
							}
						},
						"url": {
							"raw": "http://localhost:3000/api/v1/emp/employees",
							"protocol": "http",
							"host": [
								"localhost"
							],
							"port": "3000",
							"path": [
								"api",
								"v1",
								"emp",
								"employees"
							]
						}
					},
					"status": "Created",
					"code": 201,
					"_postman_previewlanguage": "json",
					"header": [
						{
							"key": "X-Powered-By",
							"value": "Express"
						},
						{
							"key": "Content-Type",
							"value": "application/json; charset=utf-8"
						},
						{
							"key": "Content-Length",
							"value": "84"
						},
						{
							"key": "ETag",
							"value": "W/\"54-NEYbnHqvLwwvXuD1FpuPS8tcZ9Y\""
						},
						{
							"key": "Date",
							"value": "Sat, 12 Oct 2024 13:39:30 GMT"
						},
						{
							"key": "Connection",
							"value": "keep-alive"
						},
						{
							"key": "Keep-Alive",
							"value": "timeout=5"
						}
					],
					"cookie": [],
					"body": "{\n    \"message\": \"Employee created successfully\",\n    \"employee_id\": \"670a7c125f0c0644f17ae72e\"\n}"
				}
			]
		},
		{
			"name": "Get_employee",
			"request": {
				"method": "GET",
				"header": []
			},
			"response": [
				{
					"name": "New Request",
					"originalRequest": {
						"method": "GET",
						"header": [],
						"url": {
							"raw": "http://localhost:3000/api/v1/emp/employees",
							"protocol": "http",
							"host": [
								"localhost"
							],
							"port": "3000",
							"path": [
								"api",
								"v1",
								"emp",
								"employees"
							]
						}
					},
					"status": "OK",
					"code": 200,
					"_postman_previewlanguage": "json",
					"header": [
						{
							"key": "X-Powered-By",
							"value": "Express"
						},
						{
							"key": "Content-Type",
							"value": "application/json; charset=utf-8"
						},
						{
							"key": "Content-Length",
							"value": "157"
						},
						{
							"key": "ETag",
							"value": "W/\"9d-gmZkEa6TtCvoxrl0C1OWrpBB8Ss\""
						},
						{
							"key": "Date",
							"value": "Sat, 12 Oct 2024 13:39:55 GMT"
						},
						{
							"key": "Connection",
							"value": "keep-alive"
						},
						{
							"key": "Keep-Alive",
							"value": "timeout=5"
						}
					],
					"cookie": [],
					"body": "[\n    {\n        \"_id\": \"670a7c125f0c0644f17ae72e\",\n        \"firstName\": \"Jane\",\n        \"lastName\": \"Doe\",\n        \"email\": \"jane.doe@example.com\",\n        \"position\": \"Software Engineer\",\n        \"salary\": 75000,\n        \"__v\": 0\n    }\n]"
				}
			]
		},
		{
			"name": "get_employee_by_id",
			"request": {
				"method": "GET",
				"header": []
			},
			"response": [
				{
					"name": "New Request",
					"originalRequest": {
						"method": "PUT",
						"header": [],
						"url": {
							"raw": "http://localhost:3000/api/v1/emp/employees/670a7c125f0c0644f17ae72e",
							"protocol": "http",
							"host": [
								"localhost"
							],
							"port": "3000",
							"path": [
								"api",
								"v1",
								"emp",
								"employees",
								"670a7c125f0c0644f17ae72e"
							]
						}
					},
					"status": "OK",
					"code": 200,
					"_postman_previewlanguage": "json",
					"header": [
						{
							"key": "X-Powered-By",
							"value": "Express"
						},
						{
							"key": "Content-Type",
							"value": "application/json; charset=utf-8"
						},
						{
							"key": "Content-Length",
							"value": "155"
						},
						{
							"key": "ETag",
							"value": "W/\"9b-+zDvYqygeEvIUuUPFzLik52u/gg\""
						},
						{
							"key": "Date",
							"value": "Sat, 12 Oct 2024 13:40:47 GMT"
						},
						{
							"key": "Connection",
							"value": "keep-alive"
						},
						{
							"key": "Keep-Alive",
							"value": "timeout=5"
						}
					],
					"cookie": [],
					"body": "{\n    \"_id\": \"670a7c125f0c0644f17ae72e\",\n    \"firstName\": \"Jane\",\n    \"lastName\": \"Doe\",\n    \"email\": \"jane.doe@example.com\",\n    \"position\": \"Software Engineer\",\n    \"salary\": 75000,\n    \"__v\": 0\n}"
				}
			]
		},
		{
			"name": "Put_using_employee_id",
			"request": {
				"method": "GET",
				"header": []
			},
			"response": [
				{
					"name": "New Request",
					"originalRequest": {
						"method": "PUT",
						"header": [],
						"body": {
							"mode": "raw",
							"raw": "{\r\n  \"firstName\": \"Jane\",\r\n  \"lastName\": \"Doe\",\r\n  \"email\": \"jane.doe@example.com\",\r\n  \"position\": \"Software Engineer\",\r\n  \"salary\": 95000\r\n}\r\n",
							"options": {
								"raw": {
									"language": "json"
								}
							}
						},
						"url": {
							"raw": "http://localhost:3000/api/v1/emp/employees/670a7c125f0c0644f17ae72e",
							"protocol": "http",
							"host": [
								"localhost"
							],
							"port": "3000",
							"path": [
								"api",
								"v1",
								"emp",
								"employees",
								"670a7c125f0c0644f17ae72e"
							]
						}
					},
					"status": "Created",
					"code": 201,
					"_postman_previewlanguage": "json",
					"header": [
						{
							"key": "X-Powered-By",
							"value": "Express"
						},
						{
							"key": "Content-Type",
							"value": "application/json; charset=utf-8"
						},
						{
							"key": "Content-Length",
							"value": "52"
						},
						{
							"key": "ETag",
							"value": "W/\"34-6Z8vmBNOb+a2Wi4Tap6Yf4vyvqo\""
						},
						{
							"key": "Date",
							"value": "Sat, 12 Oct 2024 13:41:50 GMT"
						},
						{
							"key": "Connection",
							"value": "keep-alive"
						},
						{
							"key": "Keep-Alive",
							"value": "timeout=5"
						}
					],
					"cookie": [],
					"body": "{\n    \"message\": \"Employee details updated successfully.\"\n}"
				}
			]
		},
		{
			"name": "Delete_employee",
			"request": {
				"method": "GET",
				"header": []
			},
			"response": [
				{
					"name": "New Request",
					"originalRequest": {
						"method": "DELETE",
						"header": [],
						"url": {
							"raw": "http://localhost:3000/api/v1/emp/employees/670a7c125f0c0644f17ae72e",
							"protocol": "http",
							"host": [
								"localhost"
							],
							"port": "3000",
							"path": [
								"api",
								"v1",
								"emp",
								"employees",
								"670a7c125f0c0644f17ae72e"
							]
						}
					},
					"status": "OK",
					"code": 200,
					"_postman_previewlanguage": "json",
					"header": [
						{
							"key": "X-Powered-By",
							"value": "Express"
						},
						{
							"key": "Content-Type",
							"value": "application/json; charset=utf-8"
						},
						{
							"key": "Content-Length",
							"value": "44"
						},
						{
							"key": "ETag",
							"value": "W/\"2c-GI6L/PFoLUXCwtDrF3kQ/uHFXvw\""
						},
						{
							"key": "Date",
							"value": "Sat, 12 Oct 2024 13:42:22 GMT"
						},
						{
							"key": "Connection",
							"value": "keep-alive"
						},
						{
							"key": "Keep-Alive",
							"value": "timeout=5"
						}
					],
					"cookie": [],
					"body": "{\n    \"message\": \"Employee deleted successfully.\"\n}"
				}
			]
		}
	]
}